alt_kategori,resim,tip
aksesuarlar,/images/defaults/aksesuarlar.webp,varsayilan
akvaryum-baliklari,/images/defaults/akvaryum-baliklari.webp,varsayilan
anne-bebek,/images/defaults/anne-bebek.webp,varsayilan
arac-servis-bakim,/images/defaults/arac-servis-bakim.webp,varsayilan
atv-utv,/images/defaults/atv-utv.webp,varsayilan
avukatlik-hukuki-danismanlik,/images/defaults/avukatlik-hukuki-danismanlik.webp,varsayilan
bahce-yapi-market,/images/defaults/bahce-yapi-market.webp,varsayilan
bebek-cocuk-bakicisi,/images/defaults/bebek-cocuk-bakicisi.webp,varsayilan
bilgisayar,/images/defaults/bilgisayar.webp,varsayilan
bilisim-yazilim,/images/defaults/bilisim-yazilim.webp,varsayilan
bocekler,/images/defaults/bocekler.webp,varsayilan
buyukbas-hayvanlar,/images/defaults/buyukbas-hayvanlar.webp,varsayilan
cep-telefonu,/images/defaults/cep-telefonu.webp,varsayilan
deniz-araci-ekipmanlari,/images/defaults/deniz-araci-ekipmanlari.webp,varsayilan
deniz-araclari,/images/defaults/deniz-araclari.webp,varsayilan
deniz-canlilari,/images/defaults/deniz-canlilari.webp,varsayilan
devren-satilik,/images/defaults/devren-satilik.webp,varsayilan
diger-her-sey,/images/defaults/diger-her-sey.webp,varsayilan
direksiyon,/images/defaults/direksiyon.webp,varsayilan
dugun-etkinlik,/images/defaults/dugun-etkinlik.webp,varsayilan
egitim,/images/defaults/egitim.webp,varsayilan
eglence-ve-aktiviteler,/images/defaults/eglence-ve-aktiviteler.webp,varsayilan
elektrik-enerji,/images/defaults/elektrik-enerji.webp,varsayilan
elektrikli-araclar,/images/defaults/elektrikli-araclar.webp,varsayilan
elektrikli-ev-aletleri,/images/defaults/elektrikli-ev-aletleri.webp,varsayilan
engelli-plakali-araclar,/images/defaults/engelli-plakali-araclar.webp,varsayilan
ev-dekorasyon,/images/defaults/ev-dekorasyon.webp,varsayilan
ev-elektronigi,/images/defaults/ev-elektronigi.webp,varsayilan
ev-tadilat-dekorasyon,/images/defaults/ev-tadilat-dekorasyon.webp,varsayilan
evcil-hayvanlar,/images/defaults/evcil-hayvanlar.webp,varsayilan
fotograf-kamera,/images/defaults/fotograf-kamera.webp,varsayilan
fotograf-video,/images/defaults/fotograf-video.webp,varsayilan
giyim-aksesuar,/images/defaults/giyim-aksesuar.webp,varsayilan
guzellik-bakim,/images/defaults/guzellik-bakim.webp,varsayilan
guzellik-ve-bakim,/images/defaults/guzellik-ve-bakim.webp,varsayilan
hasarli-araclar,/images/defaults/hasarli-araclar.webp,varsayilan
hava-araclari,/images/defaults/hava-araclari.webp,varsayilan
hobi-oyuncak,/images/defaults/hobi-oyuncak.webp,varsayilan
hukuk-mali-musavirlik,/images/defaults/hukuk-mali-musavirlik.webp,varsayilan
ilkogretim-takviye,/images/defaults/ilkogretim-takviye.webp,varsayilan
insaat-ve-yapi,/images/defaults/insaat-ve-yapi.webp,varsayilan
insan-kaynaklari,/images/defaults/insan-kaynaklari.webp,varsayilan
is-ilanlari-temizlik,/images/defaults/is-ilanlari-temizlik.webp,varsayilan
is-makineleri,/images/defaults/is-makineleri.webp,varsayilan
isletme-ve-stratejik-yonetim,/images/defaults/isletme-ve-stratejik-yonetim.webp,varsayilan
it-ve-yazilim-gelistirme,/images/defaults/it-ve-yazilim-gelistirme.webp,varsayilan
kamyon-cekici,/images/defaults/kamyon-cekici.webp,varsayilan
karavan,/images/defaults/karavan.webp,varsayilan
kask-kiyafet-ekipman,/images/defaults/kask-kiyafet-ekipman.webp,varsayilan
kiralik-araclar,/images/defaults/kiralik-araclar.webp,varsayilan
kiralik-arsa,/images/defaults/kiralik-arsa.webp,varsayilan
kiralik-daire,/images/defaults/kiralik-daire.webp,varsayilan
kiralik-isyeri,/images/defaults/kiralik-isyeri.webp,varsayilan
kiralik-villa,/images/defaults/kiralik-villa.webp,varsayilan
kiralik-yazlik,/images/defaults/kiralik-yazlik.webp,varsayilan
kisisel-bakim-kozmetik,/images/defaults/kisisel-bakim-kozmetik.webp,varsayilan
kisisel-gelisim,/images/defaults/kisisel-gelisim.webp,varsayilan
kitap-dergi-film,/images/defaults/kitap-dergi-film.webp,varsayilan
klasik-araclar,/images/defaults/klasik-araclar.webp,varsayilan
kucukbas-hayvanlar,/images/defaults/kucukbas-hayvanlar.webp,varsayilan
kumes-hayvanlari,/images/defaults/kumes-hayvanlari.webp,varsayilan
lise-universite-hazirlik,/images/defaults/lise-universite-hazirlik.webp,varsayilan
lojistik-ve-tasima,/images/defaults/lojistik-ve-tasima.webp,varsayilan
magazacilik-ve-perakendecilik,/images/defaults/magazacilik-ve-perakendecilik.webp,varsayilan
minibus-midibus,/images/defaults/minibus-midibus.webp,varsayilan
minivan-panelvan,/images/defaults/minivan-panelvan.webp,varsayilan
motosiklet-ekipmanlari,/images/defaults/motosiklet-ekipmanlari.webp,varsayilan
muhasebe-finans-ve-bankacilik,/images/defaults/muhasebe-finans-ve-bankacilik.webp,varsayilan
muhendislik,/images/defaults/muhendislik.webp,varsayilan
musteri-hizmetleri,/images/defaults/musteri-hizmetleri.webp,varsayilan
muzik-enstruman,/images/defaults/muzik-enstruman.webp,varsayilan
muzik-enstrumanlari,/images/defaults/muzik-enstrumanlari.webp,varsayilan
nakliye,/images/defaults/nakliye.webp,varsayilan
ofis-kirtasiye,/images/defaults/ofis-kirtasiye.webp,varsayilan
otobus,/images/defaults/otobus.webp,varsayilan
otomobil,/images/defaults/otomobil.webp,varsayilan
otomotiv-ekipmanlari,/images/defaults/otomotiv-ekipmanlari.webp,varsayilan
oyun-konsol,/images/defaults/oyun-konsol.webp,varsayilan
ozel-ders-bilgisayar,/images/defaults/ozel-ders-bilgisayar.webp,varsayilan
ozel-ders-spor,/images/defaults/ozel-ders-spor.webp,varsayilan
pet,/images/defaults/pet.webp,varsayilan
restoran-ve-konaklama,/images/defaults/restoran-ve-konaklama.webp,varsayilan
saat,/images/defaults/saat.webp,varsayilan
sanat,/images/defaults/sanat.webp,varsayilan
sanayi,/images/defaults/sanayi.webp,varsayilan
satilik-arsa,/images/defaults/satilik-arsa.webp,varsayilan
satilik-bina,/images/defaults/satilik-bina.webp,varsayilan
satilik-daire,/images/defaults/satilik-daire.webp,varsayilan
satilik-isyeri,/images/defaults/satilik-isyeri.webp,varsayilan
satilik-villa,/images/defaults/satilik-villa.webp,varsayilan
satilik-yazlik,/images/defaults/satilik-yazlik.webp,varsayilan
satis,/images/defaults/satis.webp,varsayilan
sekreterlik-ve-idari-asistanlik,/images/defaults/sekreterlik-ve-idari-asistanlik.webp,varsayilan
ses-goruntu-sistemleri,/images/defaults/ses-goruntu-sistemleri.webp,varsayilan
spor-outdoor,/images/defaults/spor-outdoor.webp,varsayilan
surungenler,/images/defaults/surungenler.webp,varsayilan
tam-zamanli,/images/defaults/tam-zamanli.webp,varsayilan
tamir-ve-bakim,/images/defaults/tamir-ve-bakim.webp,varsayilan
tarim-makineleri,/images/defaults/tarim-makineleri.webp,varsayilan
tarim-ve-sarapcilik,/images/defaults/tarim-ve-sarapcilik.webp,varsayilan
tasarim-ve-yaraticilik,/images/defaults/tasarim-ve-yaraticilik.webp,varsayilan
teknik-elektronik,/images/defaults/teknik-elektronik.webp,varsayilan
tekstil-ve-konfeksiyon,/images/defaults/tekstil-ve-konfeksiyon.webp,varsayilan
temizlik-hizmetleri,/images/defaults/temizlik-hizmetleri.webp,varsayilan
ticari-araclar,/images/defaults/ticari-araclar.webp,varsayilan
traktor,/images/defaults/traktor.webp,varsayilan
turistik-tesis,/images/defaults/turistik-tesis.webp,varsayilan
uretim-ve-imalat,/images/defaults/uretim-ve-imalat.webp,varsayilan
yabanci-dil,/images/defaults/yabanci-dil.webp,varsayilan
yari-zamanli-ve-ogrenci-isleri,/images/defaults/yari-zamanli-ve-ogrenci-isleri.webp,varsayilan
yari-zamanli,/images/defaults/yari-zamanli.webp,varsayilan
stajyer,/images/defaults/stajyer.webp,varsayilan
beyaz-esya,/images/defaults/beyaz-esya.webp,varsayilan
yem-mama,/images/defaults/yem-mama.webp,varsayilan
